<?xml version="1.0" encoding="UTF-8"?>

<!-- Logback configuration. See http://logback.qos.ch/manual/index.html -->
<configuration scan="true" scanPeriod="10 seconds">
    <include resource="org/springframework/boot/logging/logback/defaults.xml"/>

    <appender name="STDOUT" class="ch.qos.logback.core.ConsoleAppender">
        <encoder>
            <pattern>%date [%level] [%thread] %logger{60} [%file : %line] %msg%n</pattern>
        </encoder>
    </appender>
    <!--指定最基础的日志输出级别-->
    <root level="INFO">
        <appender-ref ref="STDOUT"/>
    </root>
</configuration>
